{"_step":9,"_wandb":{"runtime":300},"_runtime":300.335832244,"round":9,"loss":2,"_timestamp":1.7637573502616498e+09}